alert_id,customer_id,created_at,alert_type,trigger_rule,status,priority,evidence_transaction_ids
ALT-0004,CUST-0131,2026-02-01 18:16:59,BASELINE_DEVIATION,RL-02: Amount > 2.5x customer profile avg and > ₹10000,OPEN,LOW,TXN-05742
ALT-0005,CUST-0142,2026-02-02 16:32:09,MULTIPLE_COUNTERPARTIES,RL-05: ≥3 distinct counterparties in 24h,OPEN,MEDIUM,TXN-06239|TXN-06286|TXN-06302
ALT-0006,CUST-0102,2026-02-02 22:12:26,BASELINE_DEVIATION,RL-02: Amount > 2.5x customer profile avg and > ₹10000,OPEN,LOW,TXN-04344
ALT-0007,CUST-0080,2026-02-03 00:35:56,BASELINE_DEVIATION,RL-02: Amount > 2.5x customer profile avg and > ₹10000,OPEN,LOW,TXN-03475
ALT-0008,CUST-0217,2026-02-03 08:36:31,BASELINE_DEVIATION,RL-02: Amount > 2.5x customer profile avg and > ₹10000,OPEN,MEDIUM,TXN-08675
ALT-0009,CUST-0091,2026-02-03 11:40:47,BASELINE_DEVIATION,RL-02: Amount > 2.5x customer profile avg and > ₹10000,OPEN,LOW,TXN-03857
ALT-0010,CUST-0275,2026-02-03 16:34:37,MULTIPLE_COUNTERPARTIES,RL-05: ≥3 distinct counterparties in 24h,OPEN,LOW,TXN-11100|TXN-11071|TXN-11103
ALT-0011,CUST-0141,2026-02-03 23:34:42,HIGH_VELOCITY,RL-01: Transaction count > 2.0x expected in 24h,OPEN,HIGH,TXN-06225|TXN-06222
ALT-0012,CUST-0201,2026-02-04 06:27:04,BASELINE_DEVIATION,RL-02: Amount > 2.5x customer profile avg and > ₹10000,OPEN,LOW,TXN-08227
ALT-0013,CUST-0119,2026-02-04 10:05:38,BASELINE_DEVIATION,RL-02: Amount > 2.5x customer profile avg and > ₹10000,OPEN,MEDIUM,TXN-05149
ALT-0014,CUST-0054,2026-02-04 22:25:53,HIGH_VELOCITY,RL-01: Transaction count > 2.0x expected in 24h,OPEN,MEDIUM,TXN-02187|TXN-02190
ALT-0015,CUST-0260,2026-02-04 22:29:59,BASELINE_DEVIATION,RL-02: Amount > 2.5x customer profile avg and > ₹10000,OPEN,MEDIUM,TXN-10616
ALT-0016,CUST-0195,2026-02-04 23:11:49,MULTIPLE_COUNTERPARTIES,RL-05: ≥3 distinct counterparties in 24h,OPEN,LOW,TXN-07986|TXN-07936|TXN-07970
ALT-0017,CUST-0162,2026-02-05 07:34:10,BASELINE_DEVIATION,RL-02: Amount > 2.5x customer profile avg and > ₹10000,OPEN,MEDIUM,TXN-06965
ALT-0018,CUST-0120,2026-02-05 22:13:37,BASELINE_DEVIATION,RL-02: Amount > 2.5x customer profile avg and > ₹10000,OPEN,MEDIUM,TXN-05236
ALT-0020,CUST-0251,2026-02-05 23:08:42,MULTIPLE_COUNTERPARTIES,RL-05: ≥3 distinct counterparties in 24h,OPEN,LOW,TXN-10167|TXN-10175|TXN-10183
ALT-0019,CUST-0251,2026-02-05 23:08:42,HIGH_VELOCITY,RL-01: Transaction count > 2.0x expected in 24h,OPEN,HIGH,TXN-10167|TXN-10175|TXN-10183
ALT-0021,CUST-0082,2026-02-06 11:44:47,BASELINE_DEVIATION,RL-02: Amount > 2.5x customer profile avg and > ₹10000,OPEN,HIGH,TXN-03539
ALT-0022,CUST-0080,2026-02-06 11:58:04,MULTIPLE_COUNTERPARTIES,RL-05: ≥3 distinct counterparties in 24h,OPEN,LOW,TXN-03378|TXN-03369|TXN-03393
ALT-0023,CUST-0195,2026-02-06 12:30:05,AMOUNT_CLUSTERING,RL-03: >= 3 similar amounts (CV < 0.12) in 48h,OPEN,MEDIUM,TXN-07986|TXN-07936|TXN-07970
ALT-0024,CUST-0135,2026-02-06 13:28:27,BASELINE_DEVIATION,RL-02: Amount > 2.5x customer profile avg and > ₹10000,OPEN,HIGH,TXN-05957
ALT-0025,CUST-0021,2026-02-06 15:00:14,MULTIPLE_COUNTERPARTIES,RL-05: ≥3 distinct counterparties in 24h,OPEN,MEDIUM,TXN-00703|TXN-00709|TXN-00593
ALT-0026,CUST-0220,2026-02-09 22:18:53,BASELINE_DEVIATION,RL-02: Amount > 2.5x customer profile avg and > ₹10000,OPEN,LOW,TXN-08747|TXN-08757
ALT-0027,CUST-0193,2026-02-10 17:56:14,MULTIPLE_COUNTERPARTIES,RL-05: ≥3 distinct counterparties in 24h,OPEN,LOW,TXN-07865|TXN-07831|TXN-07918
ALT-0028,CUST-0168,2026-02-11 03:45:33,BASELINE_DEVIATION,RL-02: Amount > 2.5x customer profile avg and > ₹10000,OPEN,LOW,TXN-07103
ALT-0029,CUST-0124,2026-02-11 23:17:34,BASELINE_DEVIATION,RL-02: Amount > 2.5x customer profile avg and > ₹10000,OPEN,HIGH,TXN-05451
ALT-0030,CUST-0142,2026-02-11 23:35:08,MULTIPLE_COUNTERPARTIES,RL-05: ≥3 distinct counterparties in 24h,OPEN,LOW,TXN-06266|TXN-06311|TXN-06300
ALT-0031,CUST-0092,2026-02-12 00:21:03,MULTIPLE_COUNTERPARTIES,RL-05: ≥3 distinct counterparties in 24h,OPEN,LOW,TXN-04033|TXN-04018|TXN-04019|TXN-03985
ALT-0032,CUST-0138,2026-02-12 00:26:18,HIGH_VELOCITY,RL-01: Transaction count > 2.0x expected in 24h,OPEN,LOW,TXN-06137|TXN-06143
ALT-0033,CUST-0093,2026-02-12 14:40:10,HIGH_VELOCITY,RL-01: Transaction count > 2.0x expected in 24h,OPEN,HIGH,TXN-04039|TXN-04040
ALT-0034,CUST-0131,2026-02-13 14:40:46,BASELINE_DEVIATION,RL-02: Amount > 2.5x customer profile avg and > ₹10000,OPEN,LOW,TXN-05708
ALT-0035,CUST-0076,2026-02-13 21:17:30,MULTIPLE_COUNTERPARTIES,RL-05: ≥3 distinct counterparties in 24h,OPEN,HIGH,TXN-03147|TXN-03159|TXN-03210
ALT-0036,CUST-0063,2026-02-13 23:21:11,BASELINE_DEVIATION,RL-02: Amount > 2.5x customer profile avg and > ₹10000,OPEN,MEDIUM,TXN-02769
ALT-0037,CUST-0062,2026-02-14 01:48:02,BASELINE_DEVIATION,RL-02: Amount > 2.5x customer profile avg and > ₹10000,OPEN,MEDIUM,TXN-02632
ALT-0038,CUST-0240,2026-02-14 13:23:47,HIGH_VELOCITY,RL-01: Transaction count > 2.0x expected in 24h,OPEN,HIGH,TXN-09449|TXN-09446
ALT-0039,CUST-0106,2026-02-15 04:55:19,BASELINE_DEVIATION,RL-02: Amount > 2.5x customer profile avg and > ₹10000,OPEN,LOW,TXN-04446
ALT-0040,CUST-0120,2026-02-15 19:07:41,BASELINE_DEVIATION,RL-02: Amount > 2.5x customer profile avg and > ₹10000,OPEN,LOW,TXN-05230
ALT-0041,CUST-0011,2026-02-16 03:12:55,BASELINE_DEVIATION,RL-02: Amount > 2.5x customer profile avg and > ₹10000,OPEN,LOW,TXN-00290
ALT-0042,CUST-0053,2026-02-16 12:13:26,BASELINE_DEVIATION,RL-02: Amount > 2.5x customer profile avg and > ₹10000,OPEN,HIGH,TXN-02171
ALT-0043,CUST-0091,2026-02-16 14:45:30,MULTIPLE_COUNTERPARTIES,RL-05: ≥3 distinct counterparties in 24h,OPEN,LOW,TXN-03912|TXN-03885|TXN-03804
ALT-0044,CUST-0022,2026-02-17 07:33:47,BASELINE_DEVIATION,RL-02: Amount > 2.5x customer profile avg and > ₹10000,OPEN,HIGH,TXN-00744
ALT-0045,CUST-0207,2026-02-17 19:39:33,HIGH_VELOCITY,RL-01: Transaction count > 2.0x expected in 24h,OPEN,MEDIUM,TXN-08434|TXN-08425|TXN-08447
ALT-0046,CUST-0156,2026-02-17 22:22:21,HIGH_VELOCITY,RL-01: Transaction count > 2.0x expected in 24h,OPEN,HIGH,TXN-06801|TXN-06815
ALT-0047,CUST-0155,2026-02-17 23:24:36,BASELINE_DEVIATION,RL-02: Amount > 2.5x customer profile avg and > ₹10000,OPEN,LOW,TXN-06785
ALT-0048,CUST-0048,2026-02-18 15:01:59,MULTIPLE_COUNTERPARTIES,RL-05: ≥3 distinct counterparties in 24h,OPEN,MEDIUM,TXN-01992|TXN-01983|TXN-01986
ALT-0049,CUST-0249,2026-02-18 15:27:59,BASELINE_DEVIATION,RL-02: Amount > 2.5x customer profile avg and > ₹10000,OPEN,LOW,TXN-09934
ALT-0050,CUST-0027,2026-02-18 19:27:41,HIGH_VELOCITY,RL-01: Transaction count > 2.0x expected in 24h,OPEN,HIGH,TXN-01108|TXN-01105
ALT-0051,CUST-0013,2026-02-18 20:30:08,HIGH_VELOCITY,RL-01: Transaction count > 2.0x expected in 24h,OPEN,LOW,TXN-00314|TXN-00309
ALT-0052,CUST-0141,2026-02-18 20:47:13,HIGH_VELOCITY,RL-01: Transaction count > 2.0x expected in 24h,OPEN,MEDIUM,TXN-06210|TXN-06213
ALT-0053,CUST-0041,2026-02-19 00:09:29,MULTIPLE_COUNTERPARTIES,RL-05: ≥3 distinct counterparties in 24h,OPEN,MEDIUM,TXN-01777|TXN-01741|TXN-01763
ALT-0054,CUST-0051,2026-02-19 03:04:26,AMOUNT_CLUSTERING,RL-03: >= 3 similar amounts (CV < 0.12) in 48h,OPEN,MEDIUM,TXN-02046|TXN-02058|TXN-02021
ALT-0055,CUST-0142,2026-02-19 04:29:48,BASELINE_DEVIATION,RL-02: Amount > 2.5x customer profile avg and > ₹10000,OPEN,HIGH,TXN-06342
ALT-0056,CUST-0144,2026-02-19 04:58:32,HIGH_VELOCITY,RL-01: Transaction count > 2.0x expected in 24h,OPEN,HIGH,TXN-06402|TXN-06390
ALT-0057,CUST-0021,2026-02-19 18:14:02,BASELINE_DEVIATION,RL-02: Amount > 2.5x customer profile avg and > ₹10000,OPEN,MEDIUM,TXN-00679
ALT-0058,CUST-0023,2026-02-19 23:08:17,MULTIPLE_COUNTERPARTIES,RL-05: ≥3 distinct counterparties in 24h,OPEN,MEDIUM,TXN-00819|TXN-00861|TXN-00840|TXN-00811
ALT-0059,CUST-0135,2026-02-20 14:50:08,AMOUNT_CLUSTERING,RL-03: >= 3 similar amounts (CV < 0.12) in 48h,OPEN,HIGH,TXN-05896|TXN-05898|TXN-05992
ALT-0060,CUST-0043,2026-02-20 17:08:53,BASELINE_DEVIATION,RL-02: Amount > 2.5x customer profile avg and > ₹10000,OPEN,LOW,TXN-01879
ALT-0061,CUST-0129,2026-02-21 13:20:00,BASELINE_DEVIATION,RL-02: Amount > 2.5x customer profile avg and > ₹10000,OPEN,LOW,TXN-05592
ALT-0062,CUST-0265,2026-02-21 19:59:43,HIGH_VELOCITY,RL-01: Transaction count > 2.0x expected in 24h,OPEN,HIGH,TXN-10794|TXN-10796
ALT-0063,CUST-0244,2026-02-22 05:10:31,BASELINE_DEVIATION,RL-02: Amount > 2.5x customer profile avg and > ₹10000,OPEN,LOW,TXN-09639
ALT-0064,CUST-0131,2026-02-23 20:21:15,MULTIPLE_COUNTERPARTIES,RL-05: ≥3 distinct counterparties in 24h,OPEN,LOW,TXN-05722|TXN-05713|TXN-05687
ALT-0065,CUST-0292,2026-02-23 22:23:27,MULTIPLE_COUNTERPARTIES,RL-05: ≥3 distinct counterparties in 24h,OPEN,HIGH,TXN-11666|TXN-11652|TXN-11653
ALT-0066,CUST-0101,2026-02-24 12:53:47,BASELINE_DEVIATION,RL-02: Amount > 2.5x customer profile avg and > ₹10000,OPEN,MEDIUM,TXN-04252
ALT-0067,CUST-0296,2026-02-24 13:42:19,BASELINE_DEVIATION,RL-02: Amount > 2.5x customer profile avg and > ₹10000,OPEN,MEDIUM,TXN-11777
ALT-0068,CUST-0178,2026-02-24 14:21:37,BASELINE_DEVIATION,RL-02: Amount > 2.5x customer profile avg and > ₹10000,OPEN,MEDIUM,TXN-07459
ALT-0069,CUST-0026,2026-02-24 19:14:32,BASELINE_DEVIATION,RL-02: Amount > 2.5x customer profile avg and > ₹10000,OPEN,MEDIUM,TXN-00989
ALT-0070,CUST-0102,2026-02-24 23:31:20,BASELINE_DEVIATION,RL-02: Amount > 2.5x customer profile avg and > ₹10000,OPEN,MEDIUM,TXN-04351
ALT-0071,CUST-0080,2026-02-24 23:56:27,MULTIPLE_COUNTERPARTIES,RL-05: ≥3 distinct counterparties in 24h,OPEN,HIGH,TXN-03436|TXN-03451|TXN-03426
ALT-0072,CUST-0026,2026-02-25 00:41:20,MULTIPLE_COUNTERPARTIES,RL-05: ≥3 distinct counterparties in 24h,OPEN,LOW,TXN-01077|TXN-01045|TXN-00989|TXN-01043
ALT-0073,CUST-0144,2026-02-25 00:53:39,BASELINE_DEVIATION,RL-02: Amount > 2.5x customer profile avg and > ₹10000,OPEN,LOW,TXN-06389
ALT-0074,CUST-0167,2026-02-25 11:48:45,BASELINE_DEVIATION,RL-02: Amount > 2.5x customer profile avg and > ₹10000,OPEN,HIGH,TXN-07095
ALT-0075,CUST-0259,2026-02-25 15:07:08,BASELINE_DEVIATION,RL-02: Amount > 2.5x customer profile avg and > ₹10000,OPEN,MEDIUM,TXN-10564
ALT-0076,CUST-0033,2026-02-25 23:02:35,MULTIPLE_COUNTERPARTIES,RL-05: ≥3 distinct counterparties in 24h,OPEN,LOW,TXN-01248|TXN-01351|TXN-01276
ALT-0077,CUST-0108,2026-02-26 00:05:58,BASELINE_DEVIATION,RL-02: Amount > 2.5x customer profile avg and > ₹10000,OPEN,HIGH,TXN-04612
ALT-0078,CUST-0026,2026-02-26 02:58:50,BASELINE_DEVIATION,RL-02: Amount > 2.5x customer profile avg and > ₹10000,OPEN,LOW,TXN-01024
ALT-0079,CUST-0180,2026-02-26 06:22:58,BASELINE_DEVIATION,RL-02: Amount > 2.5x customer profile avg and > ₹10000,OPEN,LOW,TXN-07515
ALT-0080,CUST-0228,2026-02-26 11:16:43,BASELINE_DEVIATION,RL-02: Amount > 2.5x customer profile avg and > ₹10000,OPEN,HIGH,TXN-09032
ALT-0081,CUST-0101,2026-02-26 15:21:23,BASELINE_DEVIATION,RL-02: Amount > 2.5x customer profile avg and > ₹10000,OPEN,MEDIUM,TXN-04247
ALT-0082,CUST-0033,2026-02-26 16:50:02,MULTIPLE_COUNTERPARTIES,RL-05: ≥3 distinct counterparties in 24h,OPEN,MEDIUM,TXN-01265|TXN-01266|TXN-01352
ALT-0083,CUST-0253,2026-02-26 22:13:13,AMOUNT_CLUSTERING,RL-03: >= 3 similar amounts (CV < 0.12) in 48h,OPEN,MEDIUM,TXN-10239|TXN-10220|TXN-10229
ALT-0084,CUST-0120,2026-02-26 22:56:09,MULTIPLE_COUNTERPARTIES,RL-05: ≥3 distinct counterparties in 24h,OPEN,MEDIUM,TXN-05227|TXN-05231|TXN-05187
ALT-0085,CUST-0080,2026-02-27 15:56:33,BASELINE_DEVIATION,RL-02: Amount > 2.5x customer profile avg and > ₹10000,OPEN,MEDIUM,TXN-03400
ALT-0086,CUST-0117,2026-02-27 20:22:10,AMOUNT_CLUSTERING,RL-03: >= 3 similar amounts (CV < 0.12) in 48h,OPEN,MEDIUM,TXN-05073|TXN-05008|TXN-05055
ALT-0087,CUST-0099,2026-02-27 20:42:29,HIGH_VELOCITY,RL-01: Transaction count > 2.0x expected in 24h,OPEN,HIGH,TXN-04194|TXN-04198
ALT-0088,CUST-0041,2026-02-27 20:54:07,BASELINE_DEVIATION,RL-02: Amount > 2.5x customer profile avg and > ₹10000,OPEN,HIGH,TXN-01787
ALT-0089,CUST-0249,2026-02-27 21:39:10,MULTIPLE_COUNTERPARTIES,RL-05: ≥3 distinct counterparties in 24h,OPEN,HIGH,TXN-09922|TXN-09914|TXN-09930
ALT-0090,CUST-0142,2026-03-01 14:46:03,AMOUNT_CLUSTERING,RL-03: >= 3 similar amounts (CV < 0.12) in 48h,OPEN,MEDIUM,TXN-06333|TXN-06244|TXN-06255
ALT-0091,CUST-0250,2026-03-01 20:15:59,BASELINE_DEVIATION,RL-02: Amount > 2.5x customer profile avg and > ₹10000,OPEN,LOW,TXN-10035
ALT-0092,CUST-0232,2026-03-02 04:38:54,BASELINE_DEVIATION,RL-02: Amount > 2.5x customer profile avg and > ₹10000,OPEN,LOW,TXN-09146
ALT-0093,CUST-0131,2026-03-02 17:18:13,BASELINE_DEVIATION,RL-02: Amount > 2.5x customer profile avg and > ₹10000,OPEN,HIGH,TXN-05718
ALT-0094,CUST-0053,2026-03-03 03:35:23,BASELINE_DEVIATION,RL-02: Amount > 2.5x customer profile avg and > ₹10000,OPEN,MEDIUM,TXN-02130|TXN-02097
ALT-0095,CUST-0135,2026-03-03 12:52:02,BASELINE_DEVIATION,RL-02: Amount > 2.5x customer profile avg and > ₹10000,OPEN,MEDIUM,TXN-06013
ALT-0096,CUST-0121,2026-03-03 13:11:26,BASELINE_DEVIATION,RL-02: Amount > 2.5x customer profile avg and > ₹10000,OPEN,MEDIUM,TXN-05323
ALT-0097,CUST-0268,2026-03-04 12:22:43,BASELINE_DEVIATION,RL-02: Amount > 2.5x customer profile avg and > ₹10000,OPEN,MEDIUM,TXN-10893
ALT-0098,CUST-0243,2026-03-04 14:46:52,BASELINE_DEVIATION,RL-02: Amount > 2.5x customer profile avg and > ₹10000,OPEN,MEDIUM,TXN-09536
ALT-0099,CUST-0296,2026-03-04 19:01:38,BASELINE_DEVIATION,RL-02: Amount > 2.5x customer profile avg and > ₹10000,OPEN,MEDIUM,TXN-11774
ALT-0100,CUST-0112,2026-03-04 19:07:05,AMOUNT_CLUSTERING,RL-03: >= 3 similar amounts (CV < 0.12) in 48h,OPEN,HIGH,TXN-04784|TXN-04771|TXN-04743
ALT-0101,CUST-0253,2026-03-04 19:55:41,MULTIPLE_COUNTERPARTIES,RL-05: ≥3 distinct counterparties in 24h,OPEN,HIGH,TXN-10204|TXN-10201|TXN-10221|TXN-10291
ALT-0102,CUST-0260,2026-03-04 23:01:55,MULTIPLE_COUNTERPARTIES,RL-05: ≥3 distinct counterparties in 24h,OPEN,MEDIUM,TXN-10584|TXN-10661|TXN-10579
ALT-0103,CUST-0135,2026-03-05 15:14:26,BASELINE_DEVIATION,RL-02: Amount > 2.5x customer profile avg and > ₹10000,OPEN,LOW,TXN-05983
ALT-0104,CUST-0024,2026-03-05 18:41:17,MULTIPLE_COUNTERPARTIES,RL-05: ≥3 distinct counterparties in 24h,OPEN,MEDIUM,TXN-00940|TXN-00910|TXN-00887
ALT-0105,CUST-0243,2026-03-05 20:21:38,BASELINE_DEVIATION,RL-02: Amount > 2.5x customer profile avg and > ₹10000,OPEN,LOW,TXN-09535
ALT-0106,CUST-0137,2026-03-05 20:48:09,HIGH_VELOCITY,RL-01: Transaction count > 2.0x expected in 24h,OPEN,LOW,TXN-06116|TXN-06112|TXN-06108
ALT-0107,CUST-0136,2026-03-06 15:35:24,BASELINE_DEVIATION,RL-02: Amount > 2.5x customer profile avg and > ₹10000,OPEN,MEDIUM,TXN-06097
ALT-0108,CUST-0023,2026-03-06 16:38:34,BASELINE_DEVIATION,RL-02: Amount > 2.5x customer profile avg and > ₹10000,OPEN,HIGH,TXN-00860
ALT-0109,CUST-0249,2026-03-06 20:00:21,BASELINE_DEVIATION,RL-02: Amount > 2.5x customer profile avg and > ₹10000,OPEN,HIGH,TXN-09952|TXN-09960
ALT-0110,CUST-0190,2026-03-06 20:31:14,BASELINE_DEVIATION,RL-02: Amount > 2.5x customer profile avg and > ₹10000,OPEN,LOW,TXN-07760
ALT-0111,CUST-0186,2026-03-06 20:40:44,BASELINE_DEVIATION,RL-02: Amount > 2.5x customer profile avg and > ₹10000,OPEN,LOW,TXN-07684
ALT-0112,CUST-0015,2026-03-06 21:37:04,MULTIPLE_COUNTERPARTIES,RL-05: ≥3 distinct counterparties in 24h,OPEN,LOW,TXN-00372|TXN-00386|TXN-00367
ALT-0113,CUST-0202,2026-03-06 23:57:35,HIGH_VELOCITY,RL-01: Transaction count > 2.0x expected in 24h,OPEN,HIGH,TXN-08315|TXN-08321
ALT-0114,CUST-0015,2026-03-08 17:50:13,AMOUNT_CLUSTERING,RL-03: >= 3 similar amounts (CV < 0.12) in 48h,OPEN,MEDIUM,TXN-00386|TXN-00367|TXN-00372|TXN-00366
ALT-0115,CUST-0237,2026-03-08 19:56:45,BASELINE_DEVIATION,RL-02: Amount > 2.5x customer profile avg and > ₹10000,OPEN,HIGH,TXN-09358
ALT-0116,CUST-0249,2026-03-08 23:28:01,MULTIPLE_COUNTERPARTIES,RL-05: ≥3 distinct counterparties in 24h,OPEN,MEDIUM,TXN-09979|TXN-09998|TXN-09964|TXN-10001
ALT-0117,CUST-0045,2026-03-09 11:35:14,BASELINE_DEVIATION,RL-02: Amount > 2.5x customer profile avg and > ₹10000,OPEN,HIGH,TXN-01949
ALT-0118,CUST-0286,2026-03-09 14:45:45,HIGH_VELOCITY,RL-01: Transaction count > 2.0x expected in 24h,OPEN,HIGH,TXN-11415|TXN-11428
ALT-0119,CUST-0091,2026-03-09 20:24:11,MULTIPLE_COUNTERPARTIES,RL-05: ≥3 distinct counterparties in 24h,OPEN,HIGH,TXN-03821|TXN-03805|TXN-03891
ALT-0120,CUST-0244,2026-03-09 21:10:14,MULTIPLE_COUNTERPARTIES,RL-05: ≥3 distinct counterparties in 24h,OPEN,MEDIUM,TXN-09662|TXN-09663|TXN-09652
ALT-0121,CUST-0256,2026-03-09 22:26:18,BASELINE_DEVIATION,RL-02: Amount > 2.5x customer profile avg and > ₹10000,OPEN,LOW,TXN-10418
ALT-0122,CUST-0020,2026-03-10 03:42:58,BASELINE_DEVIATION,RL-02: Amount > 2.5x customer profile avg and > ₹10000,OPEN,LOW,TXN-00580
ALT-0123,CUST-0053,2026-03-10 16:01:49,BASELINE_DEVIATION,RL-02: Amount > 2.5x customer profile avg and > ₹10000,OPEN,LOW,TXN-02181
ALT-0124,CUST-0059,2026-03-10 16:03:36,MULTIPLE_COUNTERPARTIES,RL-05: ≥3 distinct counterparties in 24h,OPEN,MEDIUM,TXN-02483|TXN-02476|TXN-02449
ALT-0125,CUST-0021,2026-03-10 18:15:02,MULTIPLE_COUNTERPARTIES,RL-05: ≥3 distinct counterparties in 24h,OPEN,LOW,TXN-00689|TXN-00681|TXN-00635
ALT-0126,CUST-0249,2026-03-10 18:46:37,AMOUNT_CLUSTERING,RL-03: >= 3 similar amounts (CV < 0.12) in 48h,OPEN,LOW,TXN-09964|TXN-10001|TXN-10019
ALT-0127,CUST-0233,2026-03-10 21:41:43,BASELINE_DEVIATION,RL-02: Amount > 2.5x customer profile avg and > ₹10000,OPEN,MEDIUM,TXN-09167
ALT-0128,CUST-0287,2026-03-10 21:43:46,HIGH_VELOCITY,RL-01: Transaction count > 2.0x expected in 24h,OPEN,HIGH,TXN-11443|TXN-11432
ALT-0129,CUST-0021,2026-03-11 04:48:25,BASELINE_DEVIATION,RL-02: Amount > 2.5x customer profile avg and > ₹10000,OPEN,LOW,TXN-00683
ALT-0001,CUST-0001,2026-03-11 09:15:00,BASELINE_DEVIATION,RL-02: Amount > 2.5x customer profile avg and > ₹10000,OPEN,LOW,TXN-11988
ALT-0130,CUST-0177,2026-03-11 11:38:47,BASELINE_DEVIATION,RL-02: Amount > 2.5x customer profile avg and > ₹10000,OPEN,MEDIUM,TXN-07419
ALT-0131,CUST-0290,2026-03-11 11:43:52,HIGH_VELOCITY,RL-01: Transaction count > 2.0x expected in 24h,OPEN,HIGH,TXN-11487|TXN-11484
ALT-0132,CUST-0018,2026-03-11 16:02:32,MULTIPLE_COUNTERPARTIES,RL-05: ≥3 distinct counterparties in 24h,OPEN,LOW,TXN-00489|TXN-00457|TXN-00480
ALT-0133,CUST-0123,2026-03-11 21:07:05,MULTIPLE_COUNTERPARTIES,RL-05: ≥3 distinct counterparties in 24h,OPEN,LOW,TXN-05356|TXN-05350|TXN-05407
ALT-0134,CUST-0063,2026-03-11 23:12:41,BASELINE_DEVIATION,RL-02: Amount > 2.5x customer profile avg and > ₹10000,OPEN,HIGH,TXN-02747
ALT-0135,CUST-0019,2026-03-12 19:02:48,BASELINE_DEVIATION,RL-02: Amount > 2.5x customer profile avg and > ₹10000,OPEN,MEDIUM,TXN-00559
ALT-0136,CUST-0028,2026-03-12 20:11:56,HIGH_VELOCITY,RL-01: Transaction count > 2.0x expected in 24h,OPEN,MEDIUM,TXN-01151|TXN-01158
ALT-0137,CUST-0287,2026-03-13 06:46:36,BASELINE_DEVIATION,RL-02: Amount > 2.5x customer profile avg and > ₹10000,OPEN,LOW,TXN-11444
ALT-0138,CUST-0231,2026-03-13 10:56:13,HIGH_VELOCITY,RL-01: Transaction count > 2.0x expected in 24h,OPEN,MEDIUM,TXN-09133|TXN-09116
ALT-0139,CUST-0058,2026-03-13 14:48:15,BASELINE_DEVIATION,RL-02: Amount > 2.5x customer profile avg and > ₹10000,OPEN,LOW,TXN-02410
ALT-0140,CUST-0103,2026-03-13 15:32:48,HIGH_VELOCITY,RL-01: Transaction count > 2.0x expected in 24h,OPEN,MEDIUM,TXN-04379|TXN-04375
ALT-0141,CUST-0053,2026-03-13 16:53:14,MULTIPLE_COUNTERPARTIES,RL-05: ≥3 distinct counterparties in 24h,OPEN,MEDIUM,TXN-02154|TXN-02092|TXN-02146
ALT-0142,CUST-0106,2026-03-13 21:05:47,MULTIPLE_COUNTERPARTIES,RL-05: ≥3 distinct counterparties in 24h,OPEN,LOW,TXN-04415|TXN-04551|TXN-04447
ALT-0143,CUST-0120,2026-03-14 04:08:55,AMOUNT_CLUSTERING,RL-03: >= 3 similar amounts (CV < 0.12) in 48h,OPEN,MEDIUM,TXN-05266|TXN-05243|TXN-05302
ALT-0144,CUST-0256,2026-03-14 12:17:19,BASELINE_DEVIATION,RL-02: Amount > 2.5x customer profile avg and > ₹10000,OPEN,MEDIUM,TXN-10444
ALT-0145,CUST-0059,2026-03-14 20:18:38,BASELINE_DEVIATION,RL-02: Amount > 2.5x customer profile avg and > ₹10000,OPEN,LOW,TXN-02480
ALT-0146,CUST-0080,2026-03-15 12:06:46,AMOUNT_CLUSTERING,RL-03: >= 3 similar amounts (CV < 0.12) in 48h,OPEN,MEDIUM,TXN-03373|TXN-03443|TXN-03457
ALT-0147,CUST-0093,2026-03-16 11:25:41,BASELINE_DEVIATION,RL-02: Amount > 2.5x customer profile avg and > ₹10000,OPEN,LOW,TXN-04046
ALT-0002,CUST-0002,2026-03-16 18:00:00,AMOUNT_CLUSTERING,RL-03: >= 3 similar amounts (CV < 0.12) in 48h,OPEN,HIGH,TXN-11989|TXN-11990|TXN-11991|TXN-11992|TXN-11993|TXN-11994|TXN-11995|TXN-11996
ALT-0148,CUST-0125,2026-03-16 22:52:31,BASELINE_DEVIATION,RL-02: Amount > 2.5x customer profile avg and > ₹10000,OPEN,LOW,TXN-05459
ALT-0149,CUST-0005,2026-03-16 23:01:55,HIGH_VELOCITY,RL-01: Transaction count > 2.0x expected in 24h,OPEN,LOW,TXN-00135|TXN-00131
ALT-0150,CUST-0023,2026-03-16 23:29:45,MULTIPLE_COUNTERPARTIES,RL-05: ≥3 distinct counterparties in 24h,OPEN,LOW,TXN-00834|TXN-00885|TXN-00832|TXN-00872
ALT-0151,CUST-0061,2026-03-17 15:15:31,AMOUNT_CLUSTERING,RL-03: >= 3 similar amounts (CV < 0.12) in 48h,OPEN,HIGH,TXN-02579|TXN-02601|TXN-02594
ALT-0152,CUST-0076,2026-03-17 15:20:38,BASELINE_DEVIATION,RL-02: Amount > 2.5x customer profile avg and > ₹10000,OPEN,MEDIUM,TXN-03139
ALT-0153,CUST-0187,2026-03-18 11:12:30,MULTIPLE_COUNTERPARTIES,RL-05: ≥3 distinct counterparties in 24h,OPEN,HIGH,TXN-07721|TXN-07712|TXN-07728
ALT-0154,CUST-0187,2026-03-18 11:12:30,HIGH_VELOCITY,RL-01: Transaction count > 2.0x expected in 24h,OPEN,MEDIUM,TXN-07721|TXN-07712|TXN-07728
ALT-0155,CUST-0271,2026-03-18 13:27:13,AMOUNT_CLUSTERING,RL-03: >= 3 similar amounts (CV < 0.12) in 48h,OPEN,MEDIUM,TXN-10951|TXN-10960|TXN-10956
ALT-0156,CUST-0033,2026-03-18 17:59:39,MULTIPLE_COUNTERPARTIES,RL-05: ≥3 distinct counterparties in 24h,OPEN,MEDIUM,TXN-01333|TXN-01233|TXN-01340
ALT-0157,CUST-0218,2026-03-18 21:01:17,HIGH_VELOCITY,RL-01: Transaction count > 2.0x expected in 24h,OPEN,HIGH,TXN-08692|TXN-08700
ALT-0158,CUST-0054,2026-03-18 22:01:17,HIGH_VELOCITY,RL-01: Transaction count > 2.0x expected in 24h,OPEN,MEDIUM,TXN-02192|TXN-02199
ALT-0159,CUST-0041,2026-03-18 22:49:36,AMOUNT_CLUSTERING,RL-03: >= 3 similar amounts (CV < 0.12) in 48h,OPEN,LOW,TXN-01810|TXN-01762|TXN-01766
ALT-0160,CUST-0135,2026-03-18 23:40:22,BASELINE_DEVIATION,RL-02: Amount > 2.5x customer profile avg and > ₹10000,OPEN,HIGH,TXN-05940
ALT-0161,CUST-0293,2026-03-19 14:34:07,BASELINE_DEVIATION,RL-02: Amount > 2.5x customer profile avg and > ₹10000,OPEN,MEDIUM,TXN-11673
ALT-0162,CUST-0034,2026-03-19 23:19:12,MULTIPLE_COUNTERPARTIES,RL-05: ≥3 distinct counterparties in 24h,OPEN,LOW,TXN-01387|TXN-01429|TXN-01382
ALT-0163,CUST-0149,2026-03-19 23:21:37,MULTIPLE_COUNTERPARTIES,RL-05: ≥3 distinct counterparties in 24h,OPEN,MEDIUM,TXN-06530|TXN-06491|TXN-06524
ALT-0164,CUST-0033,2026-03-19 23:23:41,MULTIPLE_COUNTERPARTIES,RL-05: ≥3 distinct counterparties in 24h,OPEN,MEDIUM,TXN-01242|TXN-01259|TXN-01311
ALT-0165,CUST-0090,2026-03-20 17:58:04,MULTIPLE_COUNTERPARTIES,RL-05: ≥3 distinct counterparties in 24h,OPEN,LOW,TXN-03751|TXN-03745|TXN-03755
ALT-0166,CUST-0249,2026-03-20 17:59:45,MULTIPLE_COUNTERPARTIES,RL-05: ≥3 distinct counterparties in 24h,OPEN,LOW,TXN-09939|TXN-09917|TXN-09894
ALT-0167,CUST-0249,2026-03-20 17:59:45,BASELINE_DEVIATION,RL-02: Amount > 2.5x customer profile avg and > ₹10000,OPEN,LOW,TXN-09894
ALT-0168,CUST-0149,2026-03-20 19:39:13,BASELINE_DEVIATION,RL-02: Amount > 2.5x customer profile avg and > ₹10000,OPEN,LOW,TXN-06481
ALT-0169,CUST-0080,2026-03-20 23:36:05,MULTIPLE_COUNTERPARTIES,RL-05: ≥3 distinct counterparties in 24h,OPEN,HIGH,TXN-03432|TXN-03333|TXN-03361|TXN-03335
ALT-0003,CUST-0003,2026-03-21 15:00:00,RAPID_IN_OUT,RL-04: Large inbound (≥₹50000) followed by large outbound (≥₹40000) within 12h,OPEN,HIGH,TXN-11997|TXN-11998|TXN-11999|TXN-12000
ALT-0170,CUST-0067,2026-03-23 04:45:13,BASELINE_DEVIATION,RL-02: Amount > 2.5x customer profile avg and > ₹10000,OPEN,MEDIUM,TXN-02901
ALT-0171,CUST-0045,2026-03-23 19:30:17,BASELINE_DEVIATION,RL-02: Amount > 2.5x customer profile avg and > ₹10000,OPEN,HIGH,TXN-01921
ALT-0172,CUST-0240,2026-03-23 21:42:50,HIGH_VELOCITY,RL-01: Transaction count > 2.0x expected in 24h,OPEN,HIGH,TXN-09443|TXN-09436
ALT-0173,CUST-0131,2026-03-23 22:48:04,BASELINE_DEVIATION,RL-02: Amount > 2.5x customer profile avg and > ₹10000,OPEN,MEDIUM,TXN-05719
ALT-0174,CUST-0261,2026-03-23 23:08:28,HIGH_VELOCITY,RL-01: Transaction count > 2.0x expected in 24h,OPEN,HIGH,TXN-10700|TXN-10707
ALT-0175,CUST-0207,2026-03-24 05:02:55,BASELINE_DEVIATION,RL-02: Amount > 2.5x customer profile avg and > ₹10000,OPEN,MEDIUM,TXN-08428
ALT-0176,CUST-0053,2026-03-24 20:21:36,BASELINE_DEVIATION,RL-02: Amount > 2.5x customer profile avg and > ₹10000,OPEN,MEDIUM,TXN-02115
ALT-0177,CUST-0053,2026-03-24 20:21:36,MULTIPLE_COUNTERPARTIES,RL-05: ≥3 distinct counterparties in 24h,OPEN,MEDIUM,TXN-02142|TXN-02151|TXN-02115
ALT-0178,CUST-0197,2026-03-24 21:07:19,BASELINE_DEVIATION,RL-02: Amount > 2.5x customer profile avg and > ₹10000,OPEN,MEDIUM,TXN-08092
ALT-0179,CUST-0175,2026-03-25 05:50:37,BASELINE_DEVIATION,RL-02: Amount > 2.5x customer profile avg and > ₹10000,OPEN,LOW,TXN-07350
ALT-0180,CUST-0091,2026-03-25 08:07:13,BASELINE_DEVIATION,RL-02: Amount > 2.5x customer profile avg and > ₹10000,OPEN,LOW,TXN-03838
ALT-0181,CUST-0082,2026-03-25 09:25:41,BASELINE_DEVIATION,RL-02: Amount > 2.5x customer profile avg and > ₹10000,OPEN,LOW,TXN-03536
ALT-0182,CUST-0071,2026-03-25 17:42:58,BASELINE_DEVIATION,RL-02: Amount > 2.5x customer profile avg and > ₹10000,OPEN,HIGH,TXN-03074
ALT-0183,CUST-0018,2026-03-25 17:55:15,BASELINE_DEVIATION,RL-02: Amount > 2.5x customer profile avg and > ₹10000,OPEN,MEDIUM,TXN-00453
ALT-0184,CUST-0014,2026-03-25 21:49:52,MULTIPLE_COUNTERPARTIES,RL-05: ≥3 distinct counterparties in 24h,OPEN,MEDIUM,TXN-00343|TXN-00353|TXN-00333
ALT-0185,CUST-0131,2026-03-25 22:06:21,MULTIPLE_COUNTERPARTIES,RL-05: ≥3 distinct counterparties in 24h,OPEN,MEDIUM,TXN-05737|TXN-05673|TXN-05733
ALT-0186,CUST-0048,2026-03-25 22:10:12,HIGH_VELOCITY,RL-01: Transaction count > 2.0x expected in 24h,OPEN,HIGH,TXN-01990|TXN-01981
ALT-0187,CUST-0091,2026-03-25 22:39:19,MULTIPLE_COUNTERPARTIES,RL-05: ≥3 distinct counterparties in 24h,OPEN,MEDIUM,TXN-03838|TXN-03819|TXN-03814|TXN-03842
ALT-0188,CUST-0247,2026-03-26 13:14:49,BASELINE_DEVIATION,RL-02: Amount > 2.5x customer profile avg and > ₹10000,OPEN,HIGH,TXN-09820
ALT-0189,CUST-0131,2026-03-27 00:32:11,MULTIPLE_COUNTERPARTIES,RL-05: ≥3 distinct counterparties in 24h,OPEN,HIGH,TXN-05762|TXN-05760|TXN-05701
ALT-0190,CUST-0117,2026-03-27 10:29:55,BASELINE_DEVIATION,RL-02: Amount > 2.5x customer profile avg and > ₹10000,OPEN,LOW,TXN-05057
ALT-0191,CUST-0220,2026-03-27 10:40:51,BASELINE_DEVIATION,RL-02: Amount > 2.5x customer profile avg and > ₹10000,OPEN,MEDIUM,TXN-08781
ALT-0192,CUST-0142,2026-03-27 16:25:09,BASELINE_DEVIATION,RL-02: Amount > 2.5x customer profile avg and > ₹10000,OPEN,LOW,TXN-06358
ALT-0193,CUST-0117,2026-03-28 00:40:28,MULTIPLE_COUNTERPARTIES,RL-05: ≥3 distinct counterparties in 24h,OPEN,HIGH,TXN-05057|TXN-05063|TXN-04977
ALT-0194,CUST-0245,2026-03-28 08:20:12,BASELINE_DEVIATION,RL-02: Amount > 2.5x customer profile avg and > ₹10000,OPEN,LOW,TXN-09707
ALT-0195,CUST-0163,2026-03-29 20:32:30,BASELINE_DEVIATION,RL-02: Amount > 2.5x customer profile avg and > ₹10000,OPEN,LOW,TXN-06972
ALT-0196,CUST-0015,2026-03-30 03:55:40,BASELINE_DEVIATION,RL-02: Amount > 2.5x customer profile avg and > ₹10000,OPEN,LOW,TXN-00385
ALT-0197,CUST-0080,2026-03-30 12:13:29,BASELINE_DEVIATION,RL-02: Amount > 2.5x customer profile avg and > ₹10000,OPEN,HIGH,TXN-03383|TXN-03374
ALT-0198,CUST-0110,2026-03-30 13:02:56,BASELINE_DEVIATION,RL-02: Amount > 2.5x customer profile avg and > ₹10000,OPEN,MEDIUM,TXN-04682
ALT-0199,CUST-0135,2026-03-30 16:38:26,BASELINE_DEVIATION,RL-02: Amount > 2.5x customer profile avg and > ₹10000,OPEN,LOW,TXN-06019
ALT-0200,CUST-0245,2026-03-30 22:48:19,BASELINE_DEVIATION,RL-02: Amount > 2.5x customer profile avg and > ₹10000,OPEN,LOW,TXN-09704
