case_id,customer_id,previous_alert_id,previous_decision,disposition,analyst_notes,created_at
CASE-0059,CUST-0054,ALT-0014,FALSE_POSITIVE,FALSE_POSITIVE,Temporary increase in volume due to seasonal business activity. Counterparties are known and verified. No suspicious indicators identified.,2026-02-07 03:25:53
CASE-0072,CUST-0120,ALT-0018,FALSE_POSITIVE,FALSE_POSITIVE,Reviewed customer history. Activity consistent with profile. Counterparty is regular. No adverse indicators. Recommended closure as false positive.,2026-02-10 12:13:37
CASE-0026,CUST-0135,ALT-0024,CLOSED,CLOSED,Temporary increase in volume due to seasonal business activity. Counterparties are known and verified. No suspicious indicators identified.,2026-02-12 16:28:27
CASE-0067,CUST-0275,ALT-0010,ESCALATED,ESCALATED,Velocity exceeded threshold. 10 transactions in 24h vs expected 1.8. Amount clustering noted around ₹24221.34. Requires detailed investigation.,2026-02-13 03:34:37
CASE-0099,CUST-0082,ALT-0021,FALSE_POSITIVE,FALSE_POSITIVE,Customer occupation Sales Manager explains transaction pattern. Preferred channel ATM used. Activity is explainable and consistent with baseline.,2026-02-13 08:44:47
CASE-0048,CUST-0168,ALT-0028,ESCALATED,ESCALATED,Unusual counterparty network expansion. 10 distinct counterparties in 3h. Historical avg 1. Deviation flagged for CUST-0168.,2026-02-19 05:45:33
CASE-0031,CUST-0131,ALT-0034,FALSE_POSITIVE,FALSE_POSITIVE,Alert triggered by single large payment ₹28937.67. Customer contacted and provided invoice. Transaction explained. Marked as legitimate.,2026-02-19 07:40:46
CASE-0004,CUST-0135,ALT-0024,FALSE_POSITIVE,FALSE_POSITIVE,Alert triggered by single large payment ₹33447.41. Customer contacted and provided invoice. Transaction explained. Marked as legitimate.,2026-02-19 10:28:27
CASE-0051,CUST-0062,ALT-0037,FALSE_POSITIVE,FALSE_POSITIVE,Reviewed customer history. Activity consistent with profile. Counterparty is regular. No adverse indicators. Recommended closure as false positive.,2026-02-21 06:48:02
CASE-0033,CUST-0142,ALT-0030,CLOSED,CLOSED,Temporary increase in volume due to seasonal business activity. Counterparties are known and verified. No suspicious indicators identified.,2026-02-21 13:35:08
CASE-0008,CUST-0054,ALT-0014,FALSE_POSITIVE,FALSE_POSITIVE,Customer has stable transaction pattern over 117 months. Profile avg txn ₹4056. Current transaction within expected variance after review. Source of funds verified.,2026-02-21 18:25:53
CASE-0057,CUST-0193,ALT-0027,ESCALATED,ESCALATED,"Inbound funds from counterparties EXT-0123, EXT-0456, EXT-0789 followed by immediate transfer. Customer profile LOW risk. No documented business rationale. Escalated.",2026-02-21 19:56:14
CASE-0020,CUST-0168,ALT-0028,CLOSED,CLOSED,Reviewed customer history. Activity consistent with profile. Counterparty is regular. No adverse indicators. Recommended closure as false positive.,2026-02-23 20:45:33
CASE-0002,CUST-0021,ALT-0025,ESCALATED,ESCALATED,Multiple transactions with similar amounts (₹48506.11) observed within short window. Significant deviation from historical baseline profile avg ₹4540. Multiple counterparties involved. Escalated for further review.,2026-02-24 03:00:14
CASE-0046,CUST-0027,ALT-0050,CLOSED,CLOSED,Alert triggered by single large payment ₹43888.17. Customer contacted and provided invoice. Transaction explained. Marked as legitimate.,2026-02-25 04:27:41
CASE-0097,CUST-0063,ALT-0036,FALSE_POSITIVE,FALSE_POSITIVE,Reviewed customer history. Activity consistent with profile. Counterparty is regular. No adverse indicators. Recommended closure as false positive.,2026-02-25 08:21:11
CASE-0080,CUST-0207,ALT-0045,FALSE_POSITIVE,FALSE_POSITIVE,No prior alerts in last 90 days. Customer risk tier LOW. Behavior broadly consistent. Closing as false positive for CUST-0207.,2026-02-27 12:39:33
CASE-0039,CUST-0051,ALT-0054,CLOSED,CLOSED,Temporary increase in volume due to seasonal business activity. Counterparties are known and verified. No suspicious indicators identified.,2026-02-27 15:04:26
CASE-0100,CUST-0249,ALT-0049,FALSE_POSITIVE,FALSE_POSITIVE,Temporary increase in volume due to seasonal business activity. Counterparties are known and verified. No suspicious indicators identified.,2026-03-01 08:27:59
CASE-0077,CUST-0101,ALT-0066,CLOSED,CLOSED,Customer has stable transaction pattern over 42 months. Profile avg txn ₹4676. Current transaction within expected variance after review. Source of funds verified.,2026-03-01 12:53:47
CASE-0085,CUST-0013,ALT-0051,CLOSED,CLOSED,No prior alerts in last 90 days. Customer risk tier MEDIUM. Behavior broadly consistent. Closing as false positive for CUST-0013.,2026-03-01 15:30:08
CASE-0075,CUST-0043,ALT-0060,FALSE_POSITIVE,FALSE_POSITIVE,No prior alerts in last 90 days. Customer risk tier LOW. Behavior broadly consistent. Closing as false positive for CUST-0043.,2026-03-01 18:08:53
CASE-0047,CUST-0023,ALT-0058,ESCALATED,ESCALATED,Velocity exceeded threshold. 10 transactions in 24h vs expected 3.0. Amount clustering noted around ₹37624.81. Requires detailed investigation.,2026-03-02 07:08:17
CASE-0089,CUST-0026,ALT-0072,FALSE_POSITIVE,FALSE_POSITIVE,No prior alerts in last 90 days. Customer risk tier HIGH. Behavior broadly consistent. Closing as false positive for CUST-0026.,2026-03-02 18:41:20
CASE-0088,CUST-0193,ALT-0027,FALSE_POSITIVE,FALSE_POSITIVE,Alert triggered by single large payment ₹34481.92. Customer contacted and provided invoice. Transaction explained. Marked as legitimate.,2026-03-02 18:56:14
CASE-0022,CUST-0142,ALT-0055,CLOSED,CLOSED,Reviewed customer history. Activity consistent with profile. Counterparty is regular. No adverse indicators. Recommended closure as false positive.,2026-03-03 04:29:48
CASE-0066,CUST-0244,ALT-0063,FALSE_POSITIVE,FALSE_POSITIVE,Reviewed customer history. Activity consistent with profile. Counterparty is regular. No adverse indicators. Recommended closure as false positive.,2026-03-03 21:10:31
CASE-0030,CUST-0033,ALT-0076,FALSE_POSITIVE,FALSE_POSITIVE,Customer occupation Accountant explains transaction pattern. Preferred channel CARD used. Activity is explainable and consistent with baseline.,2026-03-03 22:02:35
CASE-0082,CUST-0027,ALT-0050,FALSE_POSITIVE,FALSE_POSITIVE,Temporary increase in volume due to seasonal business activity. Counterparties are known and verified. No suspicious indicators identified.,2026-03-04 02:27:41
CASE-0093,CUST-0138,ALT-0032,ESCALATED,ESCALATED,Multiple transactions with similar amounts (₹23400.14) observed within short window. Significant deviation from historical baseline profile avg ₹1917. Multiple counterparties involved. Escalated for further review.,2026-03-04 13:26:18
CASE-0015,CUST-0259,ALT-0075,CLOSED,CLOSED,Customer has stable transaction pattern over 62 months. Profile avg txn ₹4317. Current transaction within expected variance after review. Source of funds verified.,2026-03-05 00:07:08
CASE-0010,CUST-0026,ALT-0069,FALSE_POSITIVE,FALSE_POSITIVE,Temporary increase in volume due to seasonal business activity. Counterparties are known and verified. No suspicious indicators identified.,2026-03-05 18:14:32
CASE-0086,CUST-0129,ALT-0061,ESCALATED,ESCALATED,Rapid inbound-outbound movement detected. Inbound ₹250000 followed by outbound ₹290000 within 3 hours. Customer baseline profile avg ₹4540/txn (monthly vol ₹222456). Pattern inconsistent with profile. Escalated.,2026-03-06 08:20:00
CASE-0018,CUST-0228,ALT-0080,FALSE_POSITIVE,FALSE_POSITIVE,No prior alerts in last 90 days. Customer risk tier LOW. Behavior broadly consistent. Closing as false positive for CUST-0228.,2026-03-07 01:16:43
CASE-0019,CUST-0142,ALT-0090,ESCALATED,ESCALATED,Rapid inbound-outbound movement detected. Inbound ₹250000 followed by outbound ₹290000 within 5 hours. Customer baseline profile avg ₹4341/txn (monthly vol ₹512246). Pattern inconsistent with profile. Escalated.,2026-03-08 02:46:03
CASE-0076,CUST-0142,ALT-0090,FALSE_POSITIVE,FALSE_POSITIVE,Temporary increase in volume due to seasonal business activity. Counterparties are known and verified. No suspicious indicators identified.,2026-03-08 05:46:03
CASE-0035,CUST-0033,ALT-0076,FALSE_POSITIVE,FALSE_POSITIVE,Alert triggered by single large payment ₹32332.06. Customer contacted and provided invoice. Transaction explained. Marked as legitimate.,2026-03-08 14:02:35
CASE-0037,CUST-0048,ALT-0048,ESCALATED,ESCALATED,Velocity exceeded threshold. 12 transactions in 24h vs expected 0.5. Amount clustering noted around ₹24910.05. Requires detailed investigation.,2026-03-09 22:01:59
CASE-0021,CUST-0129,ALT-0061,CLOSED,CLOSED,Alert triggered by single large payment ₹29603.13. Customer contacted and provided invoice. Transaction explained. Marked as legitimate.,2026-03-10 09:20:00
CASE-0012,CUST-0080,ALT-0085,ESCALATED,ESCALATED,Multiple transactions with similar amounts (₹37863.9) observed within short window. Significant deviation from historical baseline profile avg ₹6596. Multiple counterparties involved. Escalated for further review.,2026-03-12 15:56:33
CASE-0094,CUST-0167,ALT-0074,FALSE_POSITIVE,FALSE_POSITIVE,Reviewed customer history. Activity consistent with profile. Counterparty is regular. No adverse indicators. Recommended closure as false positive.,2026-03-14 09:48:45
CASE-0043,CUST-0190,ALT-0110,FALSE_POSITIVE,FALSE_POSITIVE,No prior alerts in last 90 days. Customer risk tier LOW. Behavior broadly consistent. Closing as false positive for CUST-0190.,2026-03-15 11:31:14
CASE-0069,CUST-0099,ALT-0087,FALSE_POSITIVE,FALSE_POSITIVE,Customer occupation Sales Manager explains transaction pattern. Preferred channel BRANCH used. Activity is explainable and consistent with baseline.,2026-03-16 08:42:29
CASE-0081,CUST-0120,ALT-0143,CLOSED,CLOSED,Customer occupation Accountant explains transaction pattern. Preferred channel MOBILE used. Activity is explainable and consistent with baseline.,2026-03-16 17:08:55
CASE-0038,CUST-0019,ALT-0135,CLOSED,CLOSED,Customer occupation Consultant explains transaction pattern. Preferred channel CARD used. Activity is explainable and consistent with baseline.,2026-03-17 02:02:48
CASE-0036,CUST-0053,ALT-0094,FALSE_POSITIVE,FALSE_POSITIVE,Reviewed customer history. Activity consistent with profile. Counterparty is regular. No adverse indicators. Recommended closure as false positive.,2026-03-17 09:35:23
CASE-0064,CUST-0028,ALT-0136,CLOSED,CLOSED,Customer occupation Software Engineer explains transaction pattern. Preferred channel MOBILE used. Activity is explainable and consistent with baseline.,2026-03-17 14:11:56
CASE-0009,CUST-0112,ALT-0100,CLOSED,CLOSED,Reviewed customer history. Activity consistent with profile. Counterparty is regular. No adverse indicators. Recommended closure as false positive.,2026-03-17 19:07:05
CASE-0058,CUST-0020,ALT-0122,FALSE_POSITIVE,FALSE_POSITIVE,No prior alerts in last 90 days. Customer risk tier MEDIUM. Behavior broadly consistent. Closing as false positive for CUST-0020.,2026-03-18 13:42:58
CASE-0054,CUST-0137,ALT-0106,CLOSED,CLOSED,Reviewed customer history. Activity consistent with profile. Counterparty is regular. No adverse indicators. Recommended closure as false positive.,2026-03-18 15:48:09
CASE-0092,CUST-0243,ALT-0098,CLOSED,CLOSED,Customer occupation Student explains transaction pattern. Preferred channel CARD used. Activity is explainable and consistent with baseline.,2026-03-19 05:46:52
CASE-0003,CUST-0249,ALT-0109,CLOSED,CLOSED,Alert triggered by single large payment ₹32241.53. Customer contacted and provided invoice. Transaction explained. Marked as legitimate.,2026-03-19 19:00:21
CASE-0098,CUST-0256,ALT-0144,CLOSED,CLOSED,Customer has stable transaction pattern over 11 months. Profile avg txn ₹9191. Current transaction within expected variance after review. Source of funds verified.,2026-03-19 19:17:19
CASE-0028,CUST-0231,ALT-0138,FALSE_POSITIVE,FALSE_POSITIVE,Customer has stable transaction pattern over 119 months. Profile avg txn ₹2097. Current transaction within expected variance after review. Source of funds verified.,2026-03-20 09:56:13
CASE-0034,CUST-0058,ALT-0139,FALSE_POSITIVE,FALSE_POSITIVE,Alert triggered by single large payment ₹37717.23. Customer contacted and provided invoice. Transaction explained. Marked as legitimate.,2026-03-20 20:48:15
CASE-0065,CUST-0136,ALT-0107,CLOSED,CLOSED,No prior alerts in last 90 days. Customer risk tier MEDIUM. Behavior broadly consistent. Closing as false positive for CUST-0136.,2026-03-21 11:35:24
CASE-0053,CUST-0149,ALT-0163,ESCALATED,ESCALATED,Repeated round-tripping behavior observed for CUST-0149. Funds received and transferred within hours. No economic purpose identified. Recommended escalation.,2026-03-21 19:21:37
CASE-0041,CUST-0021,ALT-0125,FALSE_POSITIVE,FALSE_POSITIVE,Customer occupation Freelancer explains transaction pattern. Preferred channel CARD used. Activity is explainable and consistent with baseline.,2026-03-21 22:15:02
CASE-0027,CUST-0019,ALT-0135,FALSE_POSITIVE,FALSE_POSITIVE,Customer has stable transaction pattern over 76 months. Profile avg txn ₹3541. Current transaction within expected variance after review. Source of funds verified.,2026-03-22 05:02:48
CASE-0006,CUST-0033,ALT-0164,ESCALATED,ESCALATED,"Inbound funds from counterparties EXT-0123, EXT-0456, EXT-0789 followed by immediate transfer. Customer profile LOW risk. No documented business rationale. Escalated.",2026-03-22 08:23:41
CASE-0055,CUST-0015,ALT-0112,CLOSED,CLOSED,Temporary increase in volume due to seasonal business activity. Counterparties are known and verified. No suspicious indicators identified.,2026-03-22 11:37:04
CASE-0056,CUST-0090,ALT-0165,FALSE_POSITIVE,FALSE_POSITIVE,No prior alerts in last 90 days. Customer risk tier LOW. Behavior broadly consistent. Closing as false positive for CUST-0090.,2026-03-22 16:58:04
CASE-0017,CUST-0020,ALT-0122,CLOSED,CLOSED,Reviewed customer history. Activity consistent with profile. Counterparty is regular. No adverse indicators. Recommended closure as false positive.,2026-03-22 18:42:58
CASE-0007,CUST-0271,ALT-0155,CLOSED,CLOSED,Customer occupation Marketing Executive explains transaction pattern. Preferred channel INTERNET_BANKING used. Activity is explainable and consistent with baseline.,2026-03-24 00:27:13
CASE-0068,CUST-0261,ALT-0174,CLOSED,CLOSED,Alert triggered by single large payment ₹27188.58. Customer contacted and provided invoice. Transaction explained. Marked as legitimate.,2026-03-25 03:08:28
CASE-0095,CUST-0059,ALT-0124,FALSE_POSITIVE,FALSE_POSITIVE,Customer has stable transaction pattern over 55 months. Profile avg txn ₹4884. Current transaction within expected variance after review. Source of funds verified.,2026-03-25 11:03:36
CASE-0025,CUST-0091,ALT-0180,FALSE_POSITIVE,FALSE_POSITIVE,Temporary increase in volume due to seasonal business activity. Counterparties are known and verified. No suspicious indicators identified.,2026-03-26 00:00:00
CASE-0005,CUST-0082,ALT-0181,FALSE_POSITIVE,FALSE_POSITIVE,No prior alerts in last 90 days. Customer risk tier LOW. Behavior broadly consistent. Closing as false positive for CUST-0082.,2026-03-26 00:00:00
CASE-0014,CUST-0091,ALT-0180,CLOSED,CLOSED,Reviewed customer history. Activity consistent with profile. Counterparty is regular. No adverse indicators. Recommended closure as false positive.,2026-03-26 00:00:00
CASE-0087,CUST-0061,ALT-0151,ESCALATED,ESCALATED,Repeated round-tripping behavior observed for CUST-0061. Funds received and transferred within hours. No economic purpose identified. Recommended escalation.,2026-03-26 02:15:31
CASE-0074,CUST-0237,ALT-0115,CLOSED,CLOSED,Customer has stable transaction pattern over 27 months. Profile avg txn ₹3248. Current transaction within expected variance after review. Source of funds verified.,2026-03-26 12:56:45
CASE-0023,CUST-0048,ALT-0186,FALSE_POSITIVE,FALSE_POSITIVE,Reviewed customer history. Activity consistent with profile. Counterparty is regular. No adverse indicators. Recommended closure as false positive.,2026-03-27 00:00:00
CASE-0024,CUST-0028,ALT-0136,FALSE_POSITIVE,FALSE_POSITIVE,Customer has stable transaction pattern over 96 months. Profile avg txn ₹4828. Current transaction within expected variance after review. Source of funds verified.,2026-03-27 00:00:00
CASE-0070,CUST-0048,ALT-0186,FALSE_POSITIVE,FALSE_POSITIVE,Temporary increase in volume due to seasonal business activity. Counterparties are known and verified. No suspicious indicators identified.,2026-03-27 00:00:00
CASE-0001,CUST-0197,ALT-0178,CLOSED,CLOSED,No prior alerts in last 90 days. Customer risk tier LOW. Behavior broadly consistent. Closing as false positive for CUST-0197.,2026-03-27 05:07:19
CASE-0044,CUST-0090,ALT-0165,FALSE_POSITIVE,FALSE_POSITIVE,Temporary increase in volume due to seasonal business activity. Counterparties are known and verified. No suspicious indicators identified.,2026-03-27 08:58:04
CASE-0079,CUST-0080,ALT-0169,CLOSED,CLOSED,Temporary increase in volume due to seasonal business activity. Counterparties are known and verified. No suspicious indicators identified.,2026-03-27 09:36:05
CASE-0060,CUST-0063,ALT-0134,FALSE_POSITIVE,FALSE_POSITIVE,Customer has stable transaction pattern over 101 months. Profile avg txn ₹6783. Current transaction within expected variance after review. Source of funds verified.,2026-03-28 00:00:00
CASE-0073,CUST-0018,ALT-0183,FALSE_POSITIVE,FALSE_POSITIVE,Customer occupation Freelancer explains transaction pattern. Preferred channel CARD used. Activity is explainable and consistent with baseline.,2026-03-28 15:55:15
CASE-0062,CUST-0103,ALT-0140,CLOSED,CLOSED,Alert triggered by single large payment ₹33462.99. Customer contacted and provided invoice. Transaction explained. Marked as legitimate.,2026-03-28 17:32:48
CASE-0040,CUST-0117,ALT-0193,ESCALATED,ESCALATED,Large cash transactions clustered below reporting threshold. Pattern resembles structuring-like behavior. Customer occupation Sales Manager does not explain pattern. Escalated to Level-2.,2026-03-29 00:00:00
CASE-0078,CUST-0054,ALT-0158,FALSE_POSITIVE,FALSE_POSITIVE,No prior alerts in last 90 days. Customer risk tier LOW. Behavior broadly consistent. Closing as false positive for CUST-0054.,2026-03-29 00:00:00
CASE-0091,CUST-0117,ALT-0190,ESCALATED,ESCALATED,"Inbound funds from counterparties EXT-0123, EXT-0456, EXT-0789 followed by immediate transfer. Customer profile LOW risk. No documented business rationale. Escalated.",2026-03-29 00:00:00
CASE-0045,CUST-0247,ALT-0188,FALSE_POSITIVE,FALSE_POSITIVE,Temporary increase in volume due to seasonal business activity. Counterparties are known and verified. No suspicious indicators identified.,2026-03-29 00:00:00
CASE-0052,CUST-0117,ALT-0193,CLOSED,CLOSED,Alert triggered by single large payment ₹30676.78. Customer contacted and provided invoice. Transaction explained. Marked as legitimate.,2026-03-29 00:40:28
CASE-0071,CUST-0271,ALT-0155,FALSE_POSITIVE,FALSE_POSITIVE,Alert triggered by single large payment ₹46442.14. Customer contacted and provided invoice. Transaction explained. Marked as legitimate.,2026-03-30 00:00:00
CASE-0050,CUST-0240,ALT-0172,CLOSED,CLOSED,Customer has stable transaction pattern over 22 months. Profile avg txn ₹4264. Current transaction within expected variance after review. Source of funds verified.,2026-03-30 00:00:00
CASE-0013,CUST-0106,ALT-0142,ESCALATED,ESCALATED,Repeated round-tripping behavior observed for CUST-0106. Funds received and transferred within hours. No economic purpose identified. Recommended escalation.,2026-03-30 01:05:47
CASE-0090,CUST-0082,ALT-0181,FALSE_POSITIVE,FALSE_POSITIVE,Reviewed customer history. Activity consistent with profile. Counterparty is regular. No adverse indicators. Recommended closure as false positive.,2026-03-30 08:25:41
CASE-0083,CUST-0163,ALT-0195,FALSE_POSITIVE,FALSE_POSITIVE,No prior alerts in last 90 days. Customer risk tier MEDIUM. Behavior broadly consistent. Closing as false positive for CUST-0163.,2026-03-30 20:32:30
CASE-0042,CUST-0163,ALT-0195,CLOSED,CLOSED,Reviewed customer history. Activity consistent with profile. Counterparty is regular. No adverse indicators. Recommended closure as false positive.,2026-03-30 20:32:30
CASE-0096,CUST-0293,ALT-0161,CLOSED,CLOSED,Reviewed customer history. Activity consistent with profile. Counterparty is regular. No adverse indicators. Recommended closure as false positive.,2026-03-30 23:34:07
CASE-0032,CUST-0247,ALT-0188,ESCALATED,ESCALATED,Rapid inbound-outbound movement detected. Inbound ₹250000 followed by outbound ₹170000 within 5 hours. Customer baseline profile avg ₹4396/txn (monthly vol ₹395622). Pattern inconsistent with profile. Escalated.,2026-03-31 00:00:00
CASE-0029,CUST-0245,ALT-0194,FALSE_POSITIVE,FALSE_POSITIVE,Customer occupation Retail Shop Owner explains transaction pattern. Preferred channel BRANCH used. Activity is explainable and consistent with baseline.,2026-03-31 00:00:00
CASE-0016,CUST-0033,ALT-0164,CLOSED,CLOSED,Customer occupation Accountant explains transaction pattern. Preferred channel CARD used. Activity is explainable and consistent with baseline.,2026-03-31 00:00:00
CASE-0011,CUST-0091,ALT-0187,FALSE_POSITIVE,FALSE_POSITIVE,Alert triggered by single large payment ₹31162.16. Customer contacted and provided invoice. Transaction explained. Marked as legitimate.,2026-03-31 00:00:00
CASE-0049,CUST-0207,ALT-0175,ESCALATED,ESCALATED,"Inbound funds from counterparties EXT-0123, EXT-0456, EXT-0789 followed by immediate transfer. Customer profile LOW risk. No documented business rationale. Escalated.",2026-03-31 00:00:00
CASE-0084,CUST-0080,ALT-0197,CLOSED,CLOSED,Temporary increase in volume due to seasonal business activity. Counterparties are known and verified. No suspicious indicators identified.,2026-03-31 12:13:29
CASE-0063,CUST-0080,ALT-0197,CLOSED,CLOSED,Customer occupation Logistics Coordinator explains transaction pattern. Preferred channel MOBILE used. Activity is explainable and consistent with baseline.,2026-03-31 12:13:29
CASE-0061,CUST-0110,ALT-0198,CLOSED,CLOSED,No prior alerts in last 90 days. Customer risk tier LOW. Behavior broadly consistent. Closing as false positive for CUST-0110.,2026-03-31 13:02:56
