customer_id,risk_tier,occupation,country,account_age_months,monthly_avg_volume,monthly_avg_txn_count,preferred_channel
CUST-0001,LOW,Software Engineer,IN,48,110000,35,MOBILE
CUST-0002,MEDIUM,Retail Shop Owner,IN,24,180000,55,BRANCH
CUST-0003,HIGH,Freelancer,IN,14,80000,18,INTERNET_BANKING
CUST-0004,MEDIUM,Software Engineer,IN,37,78265,11,CARD
CUST-0005,LOW,Electrician,IN,9,45247,24,CARD
CUST-0006,LOW,Business Analyst,AE,95,137787,53,CARD
CUST-0007,LOW,Software Engineer,IN,95,48210,12,INTERNET_BANKING
CUST-0008,HIGH,Marketing Executive,IN,17,53526,19,CARD
CUST-0009,LOW,Teacher,IN,74,54807,10,CARD
CUST-0010,LOW,Logistics Coordinator,IN,79,34558,9,INTERNET_BANKING
CUST-0011,MEDIUM,Retail Shop Owner,IN,116,48217,22,BRANCH
CUST-0012,LOW,Civil Engineer,IN,91,74796,10,CARD
CUST-0013,MEDIUM,Graphic Designer,IN,26,47691,25,INTERNET_BANKING
CUST-0014,MEDIUM,Teacher,IN,111,50673,20,BRANCH
CUST-0015,LOW,Pharmacist,IN,33,183712,54,INTERNET_BANKING
CUST-0016,LOW,Driver,US,74,68311,21,CARD
CUST-0017,LOW,Driver,IN,71,79530,9,MOBILE
CUST-0018,LOW,Freelancer,DE,60,180864,49,CARD
CUST-0019,HIGH,Consultant,IN,76,262038,74,CARD
CUST-0020,MEDIUM,Marketing Executive,IN,43,59735,8,BRANCH
CUST-0021,HIGH,Freelancer,IN,19,562942,124,CARD
CUST-0022,LOW,Civil Engineer,IN,75,806116,60,CARD
CUST-0023,LOW,Software Engineer,IN,52,572451,90,MOBILE
CUST-0024,LOW,Pharmacist,IN,16,98143,59,INTERNET_BANKING
CUST-0025,LOW,Government Employee,US,27,87175,21,INTERNET_BANKING
CUST-0026,HIGH,Business Analyst,IN,57,641559,116,CARD
CUST-0027,LOW,Driver,IN,14,68555,25,INTERNET_BANKING
CUST-0028,LOW,Software Engineer,IN,96,140015,29,MOBILE
CUST-0029,MEDIUM,Retail Shop Owner,IN,36,61812,14,CARD
CUST-0030,LOW,Pharmacist,GB,66,60996,21,INTERNET_BANKING
CUST-0031,LOW,Electrician,IN,60,86612,9,MOBILE
CUST-0032,LOW,Marketing Executive,IN,37,65146,22,INTERNET_BANKING
CUST-0033,LOW,Accountant,IN,37,329046,116,CARD
CUST-0034,LOW,Graphic Designer,IN,17,497861,81,ATM
CUST-0035,LOW,Business Analyst,IN,13,30141,20,BRANCH
CUST-0036,HIGH,Sales Manager,IN,60,225691,56,INTERNET_BANKING
CUST-0037,LOW,Business Analyst,IN,80,95979,45,MOBILE
CUST-0038,LOW,Government Employee,IN,115,94910,57,MOBILE
CUST-0039,MEDIUM,Retail Shop Owner,SG,14,141657,50,MOBILE
CUST-0040,HIGH,Pharmacist,IN,80,242367,30,ATM
CUST-0041,MEDIUM,Pharmacist,IN,46,464181,100,INTERNET_BANKING
CUST-0042,LOW,Doctor,DE,88,50720,10,MOBILE
CUST-0043,LOW,Pharmacist,IN,15,212614,41,INTERNET_BANKING
CUST-0044,HIGH,Retail Shop Owner,IN,53,58716,25,BRANCH
CUST-0045,MEDIUM,Consultant,IN,91,158480,31,INTERNET_BANKING
CUST-0046,LOW,Student,US,25,69638,14,BRANCH
CUST-0047,LOW,Accountant,IN,68,89517,9,MOBILE
CUST-0048,MEDIUM,Accountant,IN,6,38573,16,INTERNET_BANKING
CUST-0049,MEDIUM,Graphic Designer,IN,77,34931,12,CARD
CUST-0050,LOW,Civil Engineer,GB,76,38352,9,BRANCH
CUST-0051,LOW,Teacher,IN,32,106946,47,CARD
CUST-0052,MEDIUM,Electrician,SG,101,45514,13,INTERNET_BANKING
CUST-0053,MEDIUM,Software Engineer,IN,100,681712,91,BRANCH
CUST-0054,LOW,Student,IN,117,60847,15,INTERNET_BANKING
CUST-0055,MEDIUM,Sales Manager,IN,45,139662,39,MOBILE
CUST-0056,MEDIUM,Nurse,IN,41,542683,104,CARD
CUST-0057,LOW,Graphic Designer,IN,9,47118,13,CARD
CUST-0058,HIGH,Accountant,IN,19,170619,45,ATM
CUST-0059,MEDIUM,Consultant,IN,55,449312,92,MOBILE
CUST-0060,MEDIUM,Software Engineer,IN,109,131651,48,ATM
CUST-0061,LOW,Marketing Executive,SG,46,112669,44,CARD
CUST-0062,LOW,Electrician,IN,57,225335,33,INTERNET_BANKING
CUST-0063,LOW,Nurse,DE,101,895414,132,BRANCH
CUST-0064,LOW,Software Engineer,IN,42,81495,18,ATM
CUST-0065,LOW,Business Analyst,IN,66,124483,30,BRANCH
CUST-0066,LOW,Logistics Coordinator,IN,17,141569,44,INTERNET_BANKING
CUST-0067,MEDIUM,Doctor,IN,11,61138,10,ATM
CUST-0068,LOW,Pharmacist,IN,97,209598,50,INTERNET_BANKING
CUST-0069,LOW,Software Engineer,IN,105,41526,24,ATM
CUST-0070,LOW,Driver,IN,64,60450,24,CARD
CUST-0071,LOW,Sales Manager,SG,110,212324,52,CARD
CUST-0072,LOW,Freelancer,IN,63,46203,16,CARD
CUST-0073,LOW,Driver,IN,62,48725,15,BRANCH
CUST-0074,LOW,Graphic Designer,IN,23,55102,12,INTERNET_BANKING
CUST-0075,LOW,Electrician,IN,75,34080,14,ATM
CUST-0076,LOW,Pharmacist,IN,115,853655,108,ATM
CUST-0077,LOW,Civil Engineer,IN,102,88434,21,CARD
CUST-0078,MEDIUM,Graphic Designer,SG,120,44380,16,ATM
CUST-0079,LOW,Nurse,IN,91,185989,35,ATM
CUST-0080,HIGH,Logistics Coordinator,US,9,870644,132,MOBILE
CUST-0081,LOW,Electrician,IN,116,33295,16,ATM
CUST-0082,LOW,Sales Manager,IN,49,179385,42,ATM
CUST-0083,LOW,Retail Shop Owner,IN,8,93653,47,INTERNET_BANKING
CUST-0084,MEDIUM,Teacher,IN,37,31335,12,INTERNET_BANKING
CUST-0085,LOW,Student,GB,33,46793,19,INTERNET_BANKING
CUST-0086,MEDIUM,Student,IN,45,31682,17,CARD
CUST-0087,MEDIUM,Nurse,IN,97,68803,15,MOBILE
CUST-0088,MEDIUM,Restaurant Owner,DE,82,228355,27,BRANCH
CUST-0089,LOW,Civil Engineer,IN,70,83316,51,ATM
CUST-0090,LOW,Civil Engineer,AE,120,120105,52,INTERNET_BANKING
CUST-0091,MEDIUM,Accountant,SG,109,756983,119,ATM
CUST-0092,MEDIUM,Pharmacist,IN,47,340872,95,ATM
CUST-0093,LOW,Sales Manager,GB,84,168184,26,ATM
CUST-0094,MEDIUM,Freelancer,IN,33,46931,18,BRANCH
CUST-0095,MEDIUM,Accountant,US,7,130084,30,INTERNET_BANKING
CUST-0096,MEDIUM,Government Employee,US,103,61201,23,ATM
CUST-0097,MEDIUM,Retail Shop Owner,IN,34,45945,17,CARD
CUST-0098,LOW,Graphic Designer,IN,50,78885,25,BRANCH
CUST-0099,LOW,Sales Manager,IN,45,37907,14,BRANCH
CUST-0100,LOW,Graphic Designer,IN,30,61732,16,CARD
CUST-0101,HIGH,Consultant,SG,42,453547,97,INTERNET_BANKING
CUST-0102,LOW,Restaurant Owner,IN,96,151909,27,MOBILE
CUST-0103,LOW,Doctor,AE,117,106892,25,CARD
CUST-0104,LOW,Government Employee,IN,49,33367,16,ATM
CUST-0105,LOW,Retail Shop Owner,IN,68,71251,9,INTERNET_BANKING
CUST-0106,LOW,Pharmacist,IN,16,374205,131,ATM
CUST-0107,MEDIUM,Logistics Coordinator,IN,105,198099,53,BRANCH
CUST-0108,MEDIUM,Electrician,IN,78,239811,31,INTERNET_BANKING
CUST-0109,MEDIUM,Accountant,DE,16,41391,25,MOBILE
CUST-0110,LOW,Electrician,IN,94,156351,27,INTERNET_BANKING
CUST-0111,LOW,Restaurant Owner,IN,15,149351,37,ATM
CUST-0112,LOW,Driver,AE,25,399145,69,MOBILE
CUST-0113,LOW,Restaurant Owner,SG,101,155657,53,MOBILE
CUST-0114,LOW,Restaurant Owner,IN,40,209445,53,MOBILE
CUST-0115,LOW,Electrician,IN,83,35985,15,CARD
CUST-0116,LOW,Software Engineer,DE,111,32636,13,ATM
CUST-0117,LOW,Sales Manager,IN,29,707058,122,MOBILE
CUST-0118,LOW,Electrician,IN,47,122159,46,ATM
CUST-0119,MEDIUM,Restaurant Owner,DE,57,224204,27,ATM
CUST-0120,LOW,Accountant,IN,20,673808,125,MOBILE
CUST-0121,MEDIUM,Graphic Designer,IN,58,63976,19,CARD
CUST-0122,MEDIUM,Sales Manager,IN,32,38586,17,ATM
CUST-0123,MEDIUM,Government Employee,IN,9,888448,90,INTERNET_BANKING
CUST-0124,LOW,Software Engineer,US,58,85142,11,ATM
CUST-0125,HIGH,Doctor,IN,97,76229,16,ATM
CUST-0126,MEDIUM,Government Employee,IN,64,180554,37,CARD
CUST-0127,LOW,Doctor,IN,41,188774,46,CARD
CUST-0128,LOW,Software Engineer,IN,98,68465,23,INTERNET_BANKING
CUST-0129,LOW,Government Employee,IN,48,222456,49,ATM
CUST-0130,HIGH,Business Analyst,IN,79,86099,21,MOBILE
CUST-0131,LOW,Government Employee,IN,55,409493,123,MOBILE
CUST-0132,LOW,Pharmacist,IN,117,85380,22,MOBILE
CUST-0133,LOW,Sales Manager,IN,98,87077,12,MOBILE
CUST-0134,LOW,Accountant,IN,85,101054,46,CARD
CUST-0135,LOW,Marketing Executive,AE,97,761650,129,MOBILE
CUST-0136,MEDIUM,Driver,AE,93,488536,71,ATM
CUST-0137,HIGH,Student,IN,27,87588,27,BRANCH
CUST-0138,MEDIUM,Restaurant Owner,IN,53,46003,24,ATM
CUST-0139,LOW,Freelancer,IN,28,87071,20,CARD
CUST-0140,MEDIUM,Government Employee,GB,24,71805,16,ATM
CUST-0141,LOW,Software Engineer,IN,42,121412,29,ATM
CUST-0142,HIGH,Pharmacist,IN,87,512246,118,BRANCH
CUST-0143,LOW,Nurse,IN,19,67481,19,CARD
CUST-0144,LOW,Restaurant Owner,IN,112,151953,25,CARD
CUST-0145,MEDIUM,Teacher,SG,101,89254,17,INTERNET_BANKING
CUST-0146,MEDIUM,Civil Engineer,IN,87,46425,12,MOBILE
CUST-0147,HIGH,Teacher,IN,106,67982,19,INTERNET_BANKING
CUST-0148,LOW,Restaurant Owner,IN,101,43159,12,CARD
CUST-0149,MEDIUM,Civil Engineer,IN,70,422537,92,ATM
CUST-0150,HIGH,Restaurant Owner,IN,108,34934,12,INTERNET_BANKING
CUST-0151,MEDIUM,Nurse,US,52,55858,8,BRANCH
CUST-0152,LOW,Sales Manager,IN,92,148724,49,BRANCH
CUST-0153,LOW,Driver,IN,9,227169,45,CARD
CUST-0154,LOW,Retail Shop Owner,AE,111,75945,17,ATM
CUST-0155,LOW,Teacher,IN,44,371761,72,INTERNET_BANKING
CUST-0156,MEDIUM,Doctor,IN,64,78702,25,ATM
CUST-0157,LOW,Doctor,IN,89,62069,21,BRANCH
CUST-0158,LOW,Civil Engineer,IN,62,45473,19,MOBILE
CUST-0159,HIGH,Civil Engineer,US,88,56092,16,INTERNET_BANKING
CUST-0160,HIGH,Sales Manager,IN,90,71909,8,MOBILE
CUST-0161,MEDIUM,Driver,IN,106,97985,60,INTERNET_BANKING
CUST-0162,LOW,Driver,IN,105,89017,8,BRANCH
CUST-0163,MEDIUM,Doctor,IN,75,41435,11,MOBILE
CUST-0164,LOW,Civil Engineer,IN,81,41419,16,MOBILE
CUST-0165,LOW,Electrician,IN,20,204845,53,BRANCH
CUST-0166,LOW,Student,IN,70,70311,9,CARD
CUST-0167,LOW,Software Engineer,IN,67,191745,31,ATM
CUST-0168,MEDIUM,Sales Manager,IN,16,39721,10,INTERNET_BANKING
CUST-0169,LOW,Pharmacist,US,97,69150,24,BRANCH
CUST-0170,LOW,Logistics Coordinator,IN,18,109992,60,INTERNET_BANKING
CUST-0171,LOW,Driver,IN,49,184524,51,MOBILE
CUST-0172,LOW,Marketing Executive,DE,38,40003,23,MOBILE
CUST-0173,LOW,Retail Shop Owner,IN,61,78417,19,INTERNET_BANKING
CUST-0174,LOW,Pharmacist,US,77,38010,21,BRANCH
CUST-0175,MEDIUM,Electrician,IN,42,172181,31,CARD
CUST-0176,LOW,Doctor,DE,67,37092,19,CARD
CUST-0177,LOW,Accountant,GB,34,227053,60,MOBILE
CUST-0178,MEDIUM,Accountant,IN,29,79965,17,BRANCH
CUST-0179,LOW,Freelancer,IN,78,98241,34,MOBILE
CUST-0180,LOW,Consultant,IN,54,52340,13,BRANCH
CUST-0181,LOW,Marketing Executive,GB,82,33447,12,INTERNET_BANKING
CUST-0182,MEDIUM,Teacher,DE,16,73380,21,ATM
CUST-0183,MEDIUM,Electrician,IN,33,109836,47,ATM
CUST-0184,LOW,Pharmacist,IN,73,91905,39,ATM
CUST-0185,HIGH,Teacher,IN,32,43843,12,BRANCH
CUST-0186,LOW,Student,IN,69,126057,33,ATM
CUST-0187,LOW,Driver,IN,77,172842,29,ATM
CUST-0188,MEDIUM,Teacher,IN,8,35102,18,CARD
CUST-0189,LOW,Nurse,AE,59,56544,8,BRANCH
CUST-0190,LOW,Logistics Coordinator,IN,112,174857,30,ATM
CUST-0191,MEDIUM,Driver,IN,81,35154,20,BRANCH
CUST-0192,MEDIUM,Driver,IN,105,63455,11,CARD
CUST-0193,LOW,Civil Engineer,IN,99,404864,90,MOBILE
CUST-0194,LOW,Business Analyst,IN,83,79751,10,INTERNET_BANKING
CUST-0195,HIGH,Government Employee,IN,102,231904,53,CARD
CUST-0196,MEDIUM,Logistics Coordinator,IN,116,581495,79,ATM
CUST-0197,LOW,Sales Manager,AE,44,235037,28,BRANCH
CUST-0198,LOW,Restaurant Owner,IN,63,54165,17,MOBILE
CUST-0199,MEDIUM,Retail Shop Owner,SG,82,201297,60,MOBILE
CUST-0200,LOW,Pharmacist,AE,30,61170,24,INTERNET_BANKING
CUST-0201,HIGH,Sales Manager,IN,109,610120,70,CARD
CUST-0202,MEDIUM,Teacher,IN,96,58797,24,CARD
CUST-0203,MEDIUM,Civil Engineer,IN,42,80755,18,CARD
CUST-0204,LOW,Marketing Executive,IN,48,74458,20,BRANCH
CUST-0205,LOW,Logistics Coordinator,IN,48,73490,12,BRANCH
CUST-0206,LOW,Nurse,IN,82,102208,44,CARD
CUST-0207,LOW,Marketing Executive,IN,91,217990,30,ATM
CUST-0208,LOW,Software Engineer,IN,45,44037,18,ATM
CUST-0209,LOW,Doctor,IN,15,81650,11,CARD
CUST-0210,MEDIUM,Consultant,IN,90,80220,12,CARD
CUST-0211,LOW,Freelancer,IN,112,243771,35,ATM
CUST-0212,LOW,Civil Engineer,DE,98,59111,17,ATM
CUST-0213,LOW,Driver,IN,109,130860,48,CARD
CUST-0214,HIGH,Sales Manager,IN,105,64567,21,INTERNET_BANKING
CUST-0215,MEDIUM,Logistics Coordinator,IN,117,72020,23,BRANCH
CUST-0216,LOW,Student,IN,114,35496,13,BRANCH
CUST-0217,LOW,Consultant,IN,112,89670,15,ATM
CUST-0218,MEDIUM,Software Engineer,IN,12,54507,15,ATM
CUST-0219,HIGH,Civil Engineer,IN,9,36493,18,INTERNET_BANKING
CUST-0220,LOW,Restaurant Owner,IN,95,202974,53,CARD
CUST-0221,LOW,Retail Shop Owner,IN,38,39798,25,CARD
CUST-0222,LOW,Student,IN,36,33129,15,ATM
CUST-0223,MEDIUM,Logistics Coordinator,IN,14,89319,23,CARD
CUST-0224,LOW,Consultant,GB,36,156355,52,MOBILE
CUST-0225,MEDIUM,Driver,GB,59,73792,10,CARD
CUST-0226,HIGH,Retail Shop Owner,IN,75,213070,60,MOBILE
CUST-0227,LOW,Government Employee,IN,87,54464,16,MOBILE
CUST-0228,LOW,Retail Shop Owner,IN,36,244693,31,CARD
CUST-0229,MEDIUM,Marketing Executive,IN,11,52187,13,ATM
CUST-0230,HIGH,Government Employee,AE,29,96541,54,MOBILE
CUST-0231,LOW,Teacher,IN,119,50321,24,ATM
CUST-0232,HIGH,Graphic Designer,IN,38,72395,14,BRANCH
CUST-0233,LOW,Teacher,AE,48,82385,19,ATM
CUST-0234,MEDIUM,Sales Manager,IN,49,770306,123,BRANCH
CUST-0235,HIGH,Consultant,IN,108,57820,10,ATM
CUST-0236,MEDIUM,Freelancer,US,43,35247,18,BRANCH
CUST-0237,LOW,Logistics Coordinator,IN,27,172155,53,MOBILE
CUST-0238,MEDIUM,Civil Engineer,SG,61,81870,9,MOBILE
CUST-0239,MEDIUM,Nurse,IN,71,121939,26,INTERNET_BANKING
CUST-0240,MEDIUM,Sales Manager,IN,22,81020,19,BRANCH
CUST-0241,LOW,Pharmacist,IN,83,59486,19,BRANCH
CUST-0242,LOW,Retail Shop Owner,GB,23,184342,45,BRANCH
CUST-0243,LOW,Student,IN,100,63930,20,CARD
CUST-0244,LOW,Accountant,IN,33,549449,122,INTERNET_BANKING
CUST-0245,LOW,Retail Shop Owner,IN,28,716732,71,BRANCH
CUST-0246,MEDIUM,Retail Shop Owner,US,75,49657,13,INTERNET_BANKING
CUST-0247,MEDIUM,Consultant,IN,21,395622,90,ATM
CUST-0248,LOW,Graphic Designer,GB,53,66152,12,CARD
CUST-0249,MEDIUM,Retail Shop Owner,IN,56,751916,127,ATM
CUST-0250,MEDIUM,Pharmacist,IN,22,327767,117,ATM
CUST-0251,MEDIUM,Civil Engineer,IN,118,224520,36,INTERNET_BANKING
CUST-0252,LOW,Teacher,IN,72,40790,13,BRANCH
CUST-0253,HIGH,Driver,IN,72,332690,92,INTERNET_BANKING
CUST-0254,MEDIUM,Graphic Designer,IN,22,241068,59,MOBILE
CUST-0255,LOW,Freelancer,GB,80,73170,18,CARD
CUST-0256,LOW,Software Engineer,IN,11,854788,93,INTERNET_BANKING
CUST-0257,MEDIUM,Electrician,SG,87,88261,25,BRANCH
CUST-0258,MEDIUM,Restaurant Owner,IN,37,186454,44,ATM
CUST-0259,LOW,Teacher,IN,62,60437,14,BRANCH
CUST-0260,MEDIUM,Marketing Executive,IN,99,612147,111,INTERNET_BANKING
CUST-0261,MEDIUM,Consultant,US,19,60570,11,BRANCH
CUST-0262,LOW,Doctor,IN,12,55175,21,INTERNET_BANKING
CUST-0263,HIGH,Freelancer,IN,79,129763,35,ATM
CUST-0264,HIGH,Sales Manager,IN,118,31518,10,ATM
CUST-0265,LOW,Driver,IN,80,33312,17,ATM
CUST-0266,LOW,Government Employee,IN,74,37044,21,INTERNET_BANKING
CUST-0267,MEDIUM,Civil Engineer,IN,52,33352,25,INTERNET_BANKING
CUST-0268,LOW,Restaurant Owner,IN,55,224141,42,CARD
CUST-0269,MEDIUM,Student,IN,18,82094,18,CARD
CUST-0270,HIGH,Doctor,IN,83,211092,27,MOBILE
CUST-0271,LOW,Marketing Executive,IN,72,69731,24,INTERNET_BANKING
CUST-0272,LOW,Logistics Coordinator,IN,26,70402,17,CARD
CUST-0273,LOW,Consultant,US,68,158588,55,MOBILE
CUST-0274,LOW,Student,IN,80,88901,8,CARD
CUST-0275,LOW,Pharmacist,GB,35,232967,55,INTERNET_BANKING
CUST-0276,LOW,Logistics Coordinator,IN,24,143490,27,CARD
CUST-0277,HIGH,Student,IN,8,57445,12,ATM
CUST-0278,MEDIUM,Electrician,IN,105,203628,28,INTERNET_BANKING
CUST-0279,LOW,Graphic Designer,IN,90,54695,18,INTERNET_BANKING
CUST-0280,LOW,Graphic Designer,IN,75,80593,16,CARD
CUST-0281,LOW,Driver,IN,77,49504,17,INTERNET_BANKING
CUST-0282,MEDIUM,Government Employee,IN,67,82127,16,BRANCH
CUST-0283,LOW,Graphic Designer,IN,120,611899,78,BRANCH
CUST-0284,LOW,Retail Shop Owner,IN,62,205587,38,INTERNET_BANKING
CUST-0285,MEDIUM,Accountant,US,95,37158,15,INTERNET_BANKING
CUST-0286,LOW,Consultant,IN,87,36566,21,BRANCH
CUST-0287,MEDIUM,Student,DE,104,66067,13,ATM
CUST-0288,MEDIUM,Government Employee,IN,89,48824,18,BRANCH
CUST-0289,MEDIUM,Retail Shop Owner,AE,79,78410,9,INTERNET_BANKING
CUST-0290,LOW,Freelancer,IN,113,62465,13,BRANCH
CUST-0291,MEDIUM,Software Engineer,IN,78,167829,43,ATM
CUST-0292,HIGH,Graphic Designer,IN,69,390718,124,ATM
CUST-0293,LOW,Student,IN,26,249944,41,INTERNET_BANKING
CUST-0294,LOW,Marketing Executive,IN,78,130636,36,CARD
CUST-0295,MEDIUM,Nurse,IN,71,56269,11,INTERNET_BANKING
CUST-0296,HIGH,Government Employee,IN,37,55137,15,ATM
CUST-0297,MEDIUM,Marketing Executive,IN,80,82997,41,BRANCH
CUST-0298,MEDIUM,Teacher,DE,21,40467,20,CARD
CUST-0299,HIGH,Restaurant Owner,IN,87,559369,107,CARD
CUST-0300,LOW,Doctor,IN,25,69697,19,ATM
